{"cameraMode":{"drawMode":0,"name":"Shaded","section":"Shading Mode"},"sceneLighting":true,"audioPlay":false,"sceneViewState":{"showFog":true,"showMaterialUpdate":false,"showSkybox":true,"showFlares":true,"showImageEffects":true,"showParticleSystems":true,"showVisualEffectGraphs":true,"m_FxEnabled":true},"in2DMode":false,"pivot":{"x":353.1036376953125,"y":36.848880767822269,"z":126.60116577148438},"rotation":{"x":-0.0022220159880816938,"y":0.9972352385520935,"z":-0.0653199851512909,"w":-0.03684370964765549},"size":1.3177177906036378,"orthographic":false}