{"cameraMode":{"drawMode":0,"name":"Shaded","section":"Shading Mode"},"sceneLighting":true,"audioPlay":false,"sceneViewState":{"showFog":true,"showMaterialUpdate":false,"showSkybox":true,"showFlares":true,"showImageEffects":true,"showParticleSystems":true,"showVisualEffectGraphs":true,"m_FxEnabled":true},"in2DMode":false,"pivot":{"x":264.19244384765627,"y":61.164371490478519,"z":255.5895233154297},"rotation":{"x":-0.008538972586393357,"y":-0.991470217704773,"z":0.09337136894464493,"w":-0.09067709743976593},"size":4.491273880004883,"orthographic":true}